{"stats":{"minecraft:custom":{"minecraft:jump":2,"minecraft:time_since_rest":904,"minecraft:leave_game":1,"minecraft:crouch_one_cm":319,"minecraft:sprint_one_cm":1846,"minecraft:play_time":904,"minecraft:time_since_death":904,"minecraft:walk_one_cm":1848,"minecraft:sneak_time":50,"minecraft:total_world_time":904},"minecraft:mined":{"minecraft:grass":3,"minecraft:grass_block":1,"minecraft:oak_leaves":2},"minecraft:used":{"minecraft:dirt":1,"minecraft:oak_sapling":1},"minecraft:picked_up":{"minecraft:oak_sapling":1,"minecraft:dirt":1}},"DataVersion":2975}